date_utc,strategy,asset,target_weight,reference_close,prior_day_pnl,source
2026-10-05,H1 BTC trend,BTC-USD,1.0,86507.11,0.0,Coinbase Exchange public candles
2026-10-05,H1 top-10 trend,BTC-USD,0.2128617216391903,86507.11,0.0,Coinbase Exchange public candles
2026-10-05,H1 top-10 trend,ETH-USD,0.2125774340147757,2726.66,0.0,Coinbase Exchange public candles
2026-10-05,H1 top-10 trend,LINK-USD,0.1011220924503708,14.259,0.0,Coinbase Exchange public candles
2026-10-05,H1 top-10 trend,NEAR-USD,0.057653437085986,4.9178,0.0,Coinbase Exchange public candles
2026-10-05,H1 top-10 trend,QNT-USD,0.0222301513301726,252.66,0.0,Coinbase Exchange public candles
2026-10-05,H1 top-10 trend,SOL-USD,0.1366570454045094,121.57,0.0,Coinbase Exchange public candles
2026-10-05,H1 top-10 trend,SUI-USD,0.0745208128516548,1.2078,0.0,Coinbase Exchange public candles
2026-10-05,H1 top-10 trend,XRP-USD,0.1261489137345792,1.5203,0.0,Coinbase Exchange public candles
2026-10-05,H1 top-10 trend,ZEC-USD,0.0562283914887608,1351.84,0.0,Coinbase Exchange public candles
2026-10-05,H2 BTC funding filter,BTC-USD,1.0,86507.11,0.0,Coinbase Exchange public candles
2026-10-05,H3 momentum + BTC regime,LTC-USD,0.1666666666666666,70.7,0.0,Coinbase Exchange public candles
2026-10-05,H3 momentum + BTC regime,NEAR-USD,0.1666666666666666,4.9178,0.0,Coinbase Exchange public candles
2026-10-05,H3 momentum + BTC regime,UNI-USD,0.1666666666666666,9.0742,0.0,Coinbase Exchange public candles
2026-10-05,H3 momentum + BTC regime,USELESS-USD,0.1666666666666666,0.24029,0.0,Coinbase Exchange public candles
2026-10-05,H3 momentum + BTC regime,VVV-USD,0.1666666666666666,30.0502,0.0,Coinbase Exchange public candles
2026-10-05,H3 momentum + BTC regime,ZEC-USD,0.1666666666666666,1351.84,0.0,Coinbase Exchange public candles
2026-10-05,H3 top-20 momentum,LTC-USD,0.1666666666666666,70.7,0.0,Coinbase Exchange public candles
2026-10-05,H3 top-20 momentum,NEAR-USD,0.1666666666666666,4.9178,0.0,Coinbase Exchange public candles
2026-10-05,H3 top-20 momentum,UNI-USD,0.1666666666666666,9.0742,0.0,Coinbase Exchange public candles
2026-10-05,H3 top-20 momentum,USELESS-USD,0.1666666666666666,0.24029,0.0,Coinbase Exchange public candles
2026-10-05,H3 top-20 momentum,VVV-USD,0.1666666666666666,30.0502,0.0,Coinbase Exchange public candles
2026-10-05,H3 top-20 momentum,ZEC-USD,0.1666666666666666,1351.84,0.0,Coinbase Exchange public candles
2026-10-06,H1 BTC trend,BTC-USD,1.0,85748.96,0.0207739424338895,Coinbase Exchange public candles
2026-10-06,H1 top-10 trend,BTC-USD,0.2130920494064919,85748.96,0.0044219771517111,Coinbase Exchange public candles
2026-10-06,H1 top-10 trend,ETH-USD,0.2123627872738636,2709.6,0.0031131778262563,Coinbase Exchange public candles
2026-10-06,H1 top-10 trend,LINK-USD,0.1008986386562875,13.854,0.0010746237242334,Coinbase Exchange public candles
2026-10-06,H1 top-10 trend,NEAR-USD,0.0574823881850017,5.2906,0.0010119662744021,Coinbase Exchange public candles
2026-10-06,H1 top-10 trend,QNT-USD,0.0222668243234341,262.79,-0.0003363214035758,Coinbase Exchange public candles
2026-10-06,H1 top-10 trend,SOL-USD,0.1365302024303513,120.77,0.0022164925013355,Coinbase Exchange public candles
2026-10-06,H1 top-10 trend,SUI-USD,0.0750071182173108,1.2134,0.0014653852134724,Coinbase Exchange public candles
2026-10-06,H1 top-10 trend,XRP-USD,0.1261355245647566,1.5077,0.0028778251518184,Coinbase Exchange public candles
2026-10-06,H1 top-10 trend,ZEC-USD,0.056224466942502,1337.36,0.0020135275177361,Coinbase Exchange public candles
2026-10-06,H2 BTC funding filter,BTC-USD,1.0,85748.96,0.0207739424338895,Coinbase Exchange public candles
2026-10-06,H3 momentum + BTC regime,LTC-USD,0.1666666666666666,70.095,0.0009697918148622,Coinbase Exchange public candles
2026-10-06,H3 momentum + BTC regime,NEAR-USD,0.1666666666666666,5.2906,0.0029254291549373,Coinbase Exchange public candles
2026-10-06,H3 momentum + BTC regime,UNI-USD,0.1666666666666666,9.0814,0.0005085008069686,Coinbase Exchange public candles
2026-10-06,H3 momentum + BTC regime,USELESS-USD,0.1666666666666666,0.23818,-0.0008332986125578,Coinbase Exchange public candles
2026-10-06,H3 momentum + BTC regime,VVV-USD,0.1666666666666666,28.75,0.0117500599311207,Coinbase Exchange public candles
2026-10-06,H3 momentum + BTC regime,ZEC-USD,0.1666666666666666,1337.36,0.005968300190301,Coinbase Exchange public candles
2026-10-06,H3 top-20 momentum,LTC-USD,0.1666666666666666,70.095,0.0009697918148622,Coinbase Exchange public candles
2026-10-06,H3 top-20 momentum,NEAR-USD,0.1666666666666666,5.2906,0.0029254291549373,Coinbase Exchange public candles
2026-10-06,H3 top-20 momentum,UNI-USD,0.1666666666666666,9.0814,0.0005085008069686,Coinbase Exchange public candles
2026-10-06,H3 top-20 momentum,USELESS-USD,0.1666666666666666,0.23818,-0.0008332986125578,Coinbase Exchange public candles
2026-10-06,H3 top-20 momentum,VVV-USD,0.1666666666666666,28.75,0.0117500599311207,Coinbase Exchange public candles
2026-10-06,H3 top-20 momentum,ZEC-USD,0.1666666666666666,1337.36,0.005968300190301,Coinbase Exchange public candles
2026-10-07,H1 BTC trend,BTC-USD,1.0,85539.77,-0.008712912263381334,Coinbase Exchange public candles
2026-10-07,H1 top-10 trend,BTC-USD,0.20955622309984953,85539.77,-0.0018566523305028845,Coinbase Exchange public candles
2026-10-07,H1 top-10 trend,ETH-USD,0.20933294468640198,2697.28,-0.0013008368689587165,Coinbase Exchange public candles
2026-10-07,H1 top-10 trend,LINK-USD,0.10805690910934761,13.956,-0.0028858496019464066,Coinbase Exchange public candles
2026-10-07,H1 top-10 trend,NEAR-USD,0.05677207735240306,5.0669,0.00439302954456979,Coinbase Exchange public candles
2026-10-07,H1 top-10 trend,QNT-USD,0.021879917044445602,265.48,0.0009080223712541407,Coinbase Exchange public candles
2026-10-07,H1 top-10 trend,SOL-USD,0.13586389594013604,120.69,-0.000876129641264293,Coinbase Exchange public candles
2026-10-07,H1 top-10 trend,SUI-USD,0.07308670214870758,1.1782,0.00031040853425472523,Coinbase Exchange public candles
2026-10-07,H1 top-10 trend,XRP-USD,0.12393137731977633,1.497,-0.0009958722907935326,Coinbase Exchange public candles
2026-10-07,H1 top-10 trend,ZEC-USD,0.06151995329893212,1365.44,-0.0005894151696964181,Coinbase Exchange public candles
2026-10-07,H2 BTC funding filter,BTC-USD,1.0,85539.77,-0.008712912263381334,Coinbase Exchange public candles
2026-10-07,H3 momentum + BTC regime,LTC-USD,0.16666666666666666,68.979,-0.0014238768110817288,Coinbase Exchange public candles
2026-10-07,H3 momentum + BTC regime,NEAR-USD,0.16666666666666666,5.0669,0.012737320314618897,Coinbase Exchange public candles
2026-10-07,H3 momentum + BTC regime,UNI-USD,0.16666666666666666,8.5601,0.00019469975827842334,Coinbase Exchange public candles
2026-10-07,H3 momentum + BTC regime,USELESS-USD,0.16666666666666666,0.22454,-0.00028614100470386583,Coinbase Exchange public candles
2026-10-07,H3 momentum + BTC regime,VVV-USD,0.16666666666666666,27.0001,-0.007301228326903457,Coinbase Exchange public candles
2026-10-07,H3 momentum + BTC regime,ZEC-USD,0.16666666666666666,1365.44,-0.0017472084122474763,Coinbase Exchange public candles
2026-10-07,H3 top-20 momentum,LTC-USD,0.16666666666666666,68.979,-0.0014238768110817288,Coinbase Exchange public candles
2026-10-07,H3 top-20 momentum,NEAR-USD,0.16666666666666666,5.0669,0.012737320314618897,Coinbase Exchange public candles
2026-10-07,H3 top-20 momentum,UNI-USD,0.16666666666666666,8.5601,0.00019469975827842334,Coinbase Exchange public candles
2026-10-07,H3 top-20 momentum,USELESS-USD,0.16666666666666666,0.22454,-0.00028614100470386583,Coinbase Exchange public candles
2026-10-07,H3 top-20 momentum,VVV-USD,0.16666666666666666,27.0001,-0.007301228326903457,Coinbase Exchange public candles
2026-10-07,H3 top-20 momentum,ZEC-USD,0.16666666666666666,1365.44,-0.0017472084122474763,Coinbase Exchange public candles
